{
  "NDCG@1": 0.21053,
  "NDCG@5": 0.22991,
  "NDCG@10": 0.25505,
  "NDCG@25": 0.297,
  "NDCG@50": 0.31602,
  "NDCG@100": 0.33764,
  "MAP@1": 0.10495,
  "MAP@5": 0.1898,
  "MAP@10": 0.20303,
  "MAP@25": 0.2157,
  "MAP@50": 0.21895,
  "MAP@100": 0.22129,
  "Recall@1": 0.10495,
  "Recall@5": 0.26112,
  "Recall@10": 0.3244,
  "Recall@25": 0.46695,
  "Recall@50": 0.55467,
  "Recall@100": 0.67278,
  "P@1": 0.21053,
  "P@5": 0.1,
  "P@10": 0.06447,
  "P@25": 0.03684,
  "P@50": 0.02158,
  "P@100": 0.01263,
  "MRR": 0.3005
}