{
  "NDCG@1": 0.01786,
  "NDCG@5": 0.04191,
  "NDCG@10": 0.06323,
  "NDCG@25": 0.1115,
  "NDCG@50": 0.1854,
  "NDCG@100": 0.27449,
  "MAP@1": 0.00402,
  "MAP@5": 0.01309,
  "MAP@10": 0.02073,
  "MAP@25": 0.03325,
  "MAP@50": 0.04805,
  "MAP@100": 0.06455,
  "Recall@1": 0.00402,
  "Recall@5": 0.03417,
  "Recall@10": 0.08236,
  "Recall@25": 0.19726,
  "Recall@50": 0.40501,
  "Recall@100": 0.69441,
  "P@1": 0.01786,
  "P@5": 0.04821,
  "P@10": 0.05804,
  "P@25": 0.05036,
  "P@50": 0.05286,
  "P@100": 0.04616,
  "MRR": 0.13688
}