{
  "NDCG@1": 0.65766,
  "NDCG@5": 0.52469,
  "NDCG@10": 0.51945,
  "NDCG@25": 0.54877,
  "NDCG@50": 0.57368,
  "NDCG@100": 0.59775,
  "MAP@1": 0.17637,
  "MAP@5": 0.38555,
  "MAP@10": 0.42215,
  "MAP@25": 0.4366,
  "MAP@50": 0.44521,
  "MAP@100": 0.45101,
  "Recall@1": 0.17637,
  "Recall@5": 0.42809,
  "Recall@10": 0.50558,
  "Recall@25": 0.57175,
  "Recall@50": 0.64457,
  "Recall@100": 0.72855,
  "P@1": 0.65766,
  "P@5": 0.37658,
  "P@10": 0.23063,
  "P@25": 0.10811,
  "P@50": 0.0627,
  "P@100": 0.03604,
  "MRR": 0.70535
}