{
  "NDCG@1": 0.3301,
  "NDCG@5": 0.49104,
  "NDCG@10": 0.53481,
  "NDCG@25": 0.56646,
  "NDCG@50": 0.57044,
  "NDCG@100": 0.581,
  "MAP@1": 0.31392,
  "MAP@5": 0.43722,
  "MAP@10": 0.45569,
  "MAP@25": 0.46533,
  "MAP@50": 0.46601,
  "MAP@100": 0.46704,
  "Recall@1": 0.31392,
  "Recall@5": 0.64401,
  "Recall@10": 0.77832,
  "Recall@25": 0.89806,
  "Recall@50": 0.91748,
  "Recall@100": 0.98058,
  "P@1": 0.3301,
  "P@5": 0.13592,
  "P@10": 0.08252,
  "P@25": 0.03806,
  "P@50": 0.01942,
  "P@100": 0.01039,
  "MRR": 0.47491
}