{
  "NDCG@1": 0.15385,
  "NDCG@5": 0.17961,
  "NDCG@10": 0.22644,
  "NDCG@25": 0.28054,
  "NDCG@50": 0.31229,
  "NDCG@100": 0.34548,
  "MAP@1": 0.04692,
  "MAP@5": 0.12162,
  "MAP@10": 0.15158,
  "MAP@25": 0.17084,
  "MAP@50": 0.18096,
  "MAP@100": 0.18841,
  "Recall@1": 0.04692,
  "Recall@5": 0.20764,
  "Recall@10": 0.33884,
  "Recall@25": 0.49615,
  "Recall@50": 0.60199,
  "Recall@100": 0.74217,
  "P@1": 0.15385,
  "P@5": 0.11453,
  "P@10": 0.09573,
  "P@25": 0.06462,
  "P@50": 0.04598,
  "P@100": 0.03026,
  "MRR": 0.25866
}