{
  "NDCG@1": 0.57759,
  "NDCG@5": 0.65165,
  "NDCG@10": 0.68344,
  "NDCG@25": 0.69785,
  "NDCG@50": 0.70634,
  "NDCG@100": 0.71505,
  "MAP@1": 0.4217,
  "MAP@5": 0.5798,
  "MAP@10": 0.60036,
  "MAP@25": 0.60691,
  "MAP@50": 0.60836,
  "MAP@100": 0.60946,
  "Recall@1": 0.4217,
  "Recall@5": 0.75072,
  "Recall@10": 0.8283,
  "Recall@25": 0.87644,
  "Recall@50": 0.91667,
  "Recall@100": 0.96121,
  "P@1": 0.57759,
  "P@5": 0.22586,
  "P@10": 0.13017,
  "P@25": 0.05586,
  "P@50": 0.02897,
  "P@100": 0.01534,
  "MRR": 0.69455
}