{
  "NDCG@1": 0.40517,
  "NDCG@5": 0.38089,
  "NDCG@10": 0.39756,
  "NDCG@25": 0.43928,
  "NDCG@50": 0.46454,
  "NDCG@100": 0.48456,
  "MAP@1": 0.15213,
  "MAP@5": 0.28432,
  "MAP@10": 0.31261,
  "MAP@25": 0.3333,
  "MAP@50": 0.33972,
  "MAP@100": 0.3434,
  "Recall@1": 0.15213,
  "Recall@5": 0.3587,
  "Recall@10": 0.43468,
  "Recall@25": 0.55631,
  "Recall@50": 0.63992,
  "Recall@100": 0.71368,
  "P@1": 0.40517,
  "P@5": 0.23448,
  "P@10": 0.15517,
  "P@25": 0.08483,
  "P@50": 0.05069,
  "P@100": 0.02974,
  "MRR": 0.5092
}