{
  "NDCG@1": 0.85437,
  "NDCG@5": 0.88534,
  "NDCG@10": 0.89911,
  "NDCG@25": 0.90161,
  "NDCG@50": 0.90501,
  "NDCG@100": 0.90762,
  "MAP@1": 0.7322,
  "MAP@5": 0.86057,
  "MAP@10": 0.86635,
  "MAP@25": 0.86804,
  "MAP@50": 0.86883,
  "MAP@100": 0.86914,
  "Recall@1": 0.7322,
  "Recall@5": 0.92233,
  "Recall@10": 0.9644,
  "Recall@25": 0.97087,
  "Recall@50": 0.98544,
  "Recall@100": 1.0,
  "P@1": 0.85437,
  "P@5": 0.23689,
  "P@10": 0.1233,
  "P@25": 0.0501,
  "P@50": 0.02563,
  "P@100": 0.01301,
  "MRR": 0.90177
}