{
  "NDCG@1": 0.30928,
  "NDCG@5": 0.28537,
  "NDCG@10": 0.30504,
  "NDCG@25": 0.32888,
  "NDCG@50": 0.33817,
  "NDCG@100": 0.35003,
  "MAP@1": 0.18471,
  "MAP@5": 0.25611,
  "MAP@10": 0.26712,
  "MAP@25": 0.27472,
  "MAP@50": 0.2766,
  "MAP@100": 0.27778,
  "Recall@1": 0.18471,
  "Recall@5": 0.29124,
  "Recall@10": 0.34064,
  "Recall@25": 0.41715,
  "Recall@50": 0.45538,
  "Recall@100": 0.51757,
  "P@1": 0.30928,
  "P@5": 0.1134,
  "P@10": 0.06701,
  "P@25": 0.03402,
  "P@50": 0.01887,
  "P@100": 0.01062,
  "MRR": 0.35428
}