{
  "NDCG@1": 0.67961,
  "NDCG@5": 0.69025,
  "NDCG@10": 0.6987,
  "NDCG@25": 0.71062,
  "NDCG@50": 0.71508,
  "NDCG@100": 0.72317,
  "MAP@1": 0.28511,
  "MAP@5": 0.50953,
  "MAP@10": 0.57041,
  "MAP@25": 0.6151,
  "MAP@50": 0.6318,
  "MAP@100": 0.63896,
  "Recall@1": 0.28511,
  "Recall@5": 0.56656,
  "Recall@10": 0.67262,
  "Recall@25": 0.77033,
  "Recall@50": 0.81026,
  "Recall@100": 0.83995,
  "P@1": 0.67961,
  "P@5": 0.43107,
  "P@10": 0.31165,
  "P@25": 0.18214,
  "P@50": 0.11068,
  "P@100": 0.06243,
  "MRR": 0.73537
}