{
  "NDCG@1": 0.20792,
  "NDCG@5": 0.19269,
  "NDCG@10": 0.2011,
  "NDCG@25": 0.22342,
  "NDCG@50": 0.24525,
  "NDCG@100": 0.27368,
  "MAP@1": 0.08244,
  "MAP@5": 0.11832,
  "MAP@10": 0.13627,
  "MAP@25": 0.15332,
  "MAP@50": 0.15875,
  "MAP@100": 0.16292,
  "Recall@1": 0.08244,
  "Recall@5": 0.14481,
  "Recall@10": 0.21435,
  "Recall@25": 0.31705,
  "Recall@50": 0.40155,
  "Recall@100": 0.51846,
  "P@1": 0.20792,
  "P@5": 0.12079,
  "P@10": 0.0901,
  "P@25": 0.05743,
  "P@50": 0.03584,
  "P@100": 0.02366,
  "MRR": 0.26941
}