{
  "NDCG@1": 0.81034,
  "NDCG@5": 0.81629,
  "NDCG@10": 0.83526,
  "NDCG@25": 0.84323,
  "NDCG@50": 0.8487,
  "NDCG@100": 0.85105,
  "MAP@1": 0.59555,
  "MAP@5": 0.7762,
  "MAP@10": 0.78877,
  "MAP@25": 0.79203,
  "MAP@50": 0.79318,
  "MAP@100": 0.79345,
  "Recall@1": 0.59555,
  "Recall@5": 0.84626,
  "Recall@10": 0.89224,
  "Recall@25": 0.92098,
  "Recall@50": 0.9454,
  "Recall@100": 0.9569,
  "P@1": 0.81034,
  "P@5": 0.26207,
  "P@10": 0.14052,
  "P@25": 0.05828,
  "P@50": 0.03,
  "P@100": 0.01526,
  "MRR": 0.86632
}