{
  "NDCG@1": 0.77679,
  "NDCG@5": 0.34909,
  "NDCG@10": 0.34685,
  "NDCG@25": 0.43766,
  "NDCG@50": 0.51031,
  "NDCG@100": 0.57264,
  "MAP@1": 0.1205,
  "MAP@5": 0.15859,
  "MAP@10": 0.18861,
  "MAP@25": 0.22742,
  "MAP@50": 0.2522,
  "MAP@100": 0.26798,
  "Recall@1": 0.1205,
  "Recall@5": 0.19435,
  "Recall@10": 0.29326,
  "Recall@25": 0.49567,
  "Recall@50": 0.69913,
  "Recall@100": 0.89789,
  "P@1": 0.77679,
  "P@5": 0.25179,
  "P@10": 0.18839,
  "P@25": 0.12821,
  "P@50": 0.09143,
  "P@100": 0.06018,
  "MRR": 0.849
}