{
  "NDCG@1": 0.54124,
  "NDCG@5": 0.50973,
  "NDCG@10": 0.5314,
  "NDCG@25": 0.5464,
  "NDCG@50": 0.55672,
  "NDCG@100": 0.56425,
  "MAP@1": 0.32423,
  "MAP@5": 0.46776,
  "MAP@10": 0.4797,
  "MAP@25": 0.48486,
  "MAP@50": 0.48705,
  "MAP@100": 0.48805,
  "Recall@1": 0.32423,
  "Recall@5": 0.51847,
  "Recall@10": 0.57491,
  "Recall@25": 0.62405,
  "Recall@50": 0.66663,
  "Recall@100": 0.70314,
  "P@1": 0.54124,
  "P@5": 0.20515,
  "P@10": 0.1134,
  "P@25": 0.04969,
  "P@50": 0.0268,
  "P@100": 0.01428,
  "MRR": 0.59817
}