{
  "NDCG@1": 0.82524,
  "NDCG@5": 0.77055,
  "NDCG@10": 0.79751,
  "NDCG@25": 0.81414,
  "NDCG@50": 0.82831,
  "NDCG@100": 0.83441,
  "MAP@1": 0.30882,
  "MAP@5": 0.67102,
  "MAP@10": 0.72311,
  "MAP@25": 0.73685,
  "MAP@50": 0.7416,
  "MAP@100": 0.74262,
  "Recall@1": 0.30882,
  "Recall@5": 0.7359,
  "Recall@10": 0.8266,
  "Recall@25": 0.8784,
  "Recall@50": 0.92902,
  "Recall@100": 0.95675,
  "P@1": 0.82524,
  "P@5": 0.4835,
  "P@10": 0.29126,
  "P@25": 0.12621,
  "P@50": 0.0668,
  "P@100": 0.03427,
  "MRR": 0.86831
}