{
  "NDCG@1": 0.5493,
  "NDCG@5": 0.53499,
  "NDCG@10": 0.56075,
  "NDCG@25": 0.58463,
  "NDCG@50": 0.5958,
  "NDCG@100": 0.6045,
  "MAP@1": 0.35246,
  "MAP@5": 0.47605,
  "MAP@10": 0.48751,
  "MAP@25": 0.49543,
  "MAP@50": 0.49824,
  "MAP@100": 0.49939,
  "Recall@1": 0.35246,
  "Recall@5": 0.57465,
  "Recall@10": 0.64331,
  "Recall@25": 0.72488,
  "Recall@50": 0.77031,
  "Recall@100": 0.81385,
  "P@1": 0.5493,
  "P@5": 0.20423,
  "P@10": 0.11549,
  "P@25": 0.05239,
  "P@50": 0.02817,
  "P@100": 0.015,
  "MRR": 0.63293
}