{
  "NDCG@1": 0.23932,
  "NDCG@5": 0.3689,
  "NDCG@10": 0.44402,
  "NDCG@25": 0.47643,
  "NDCG@50": 0.48786,
  "NDCG@100": 0.49194,
  "MAP@1": 0.21368,
  "MAP@5": 0.31453,
  "MAP@10": 0.347,
  "MAP@25": 0.35651,
  "MAP@50": 0.35853,
  "MAP@100": 0.35886,
  "Recall@1": 0.21368,
  "Recall@5": 0.52564,
  "Recall@10": 0.75214,
  "Recall@25": 0.87607,
  "Recall@50": 0.93162,
  "Recall@100": 0.95726,
  "P@1": 0.23932,
  "P@5": 0.11624,
  "P@10": 0.08291,
  "P@25": 0.03863,
  "P@50": 0.02051,
  "P@100": 0.01051,
  "MRR": 0.36697
}