{
  "NDCG@1": 0.71845,
  "NDCG@5": 0.79324,
  "NDCG@10": 0.81124,
  "NDCG@25": 0.81488,
  "NDCG@50": 0.81786,
  "NDCG@100": 0.82107,
  "MAP@1": 0.69256,
  "MAP@5": 0.76861,
  "MAP@10": 0.77663,
  "MAP@25": 0.77765,
  "MAP@50": 0.77839,
  "MAP@100": 0.77869,
  "Recall@1": 0.69256,
  "Recall@5": 0.85113,
  "Recall@10": 0.90453,
  "Recall@25": 0.91909,
  "Recall@50": 0.93204,
  "Recall@100": 0.95146,
  "P@1": 0.71845,
  "P@5": 0.17864,
  "P@10": 0.09515,
  "P@25": 0.03883,
  "P@50": 0.01981,
  "P@100": 0.0101,
  "MRR": 0.79206
}