{
  "NDCG@1": 0.3301,
  "NDCG@5": 0.33413,
  "NDCG@10": 0.37803,
  "NDCG@25": 0.42809,
  "NDCG@50": 0.45872,
  "NDCG@100": 0.48293,
  "MAP@1": 0.10769,
  "MAP@5": 0.23794,
  "MAP@10": 0.28091,
  "MAP@25": 0.30571,
  "MAP@50": 0.31371,
  "MAP@100": 0.31752,
  "Recall@1": 0.10769,
  "Recall@5": 0.33111,
  "Recall@10": 0.45542,
  "Recall@25": 0.59538,
  "Recall@50": 0.71357,
  "Recall@100": 0.81664,
  "P@1": 0.3301,
  "P@5": 0.22718,
  "P@10": 0.16602,
  "P@25": 0.0901,
  "P@50": 0.05223,
  "P@100": 0.02971,
  "MRR": 0.45546
}