{
  "NDCG@1": 0.75862,
  "NDCG@5": 0.70891,
  "NDCG@10": 0.70944,
  "NDCG@25": 0.72322,
  "NDCG@50": 0.74043,
  "NDCG@100": 0.75253,
  "MAP@1": 0.28796,
  "MAP@5": 0.56196,
  "MAP@10": 0.60598,
  "MAP@25": 0.62617,
  "MAP@50": 0.63293,
  "MAP@100": 0.63625,
  "Recall@1": 0.28796,
  "Recall@5": 0.62654,
  "Recall@10": 0.71114,
  "Recall@25": 0.78076,
  "Recall@50": 0.82694,
  "Recall@100": 0.86699,
  "P@1": 0.75862,
  "P@5": 0.45345,
  "P@10": 0.28621,
  "P@25": 0.13483,
  "P@50": 0.07483,
  "P@100": 0.04043,
  "MRR": 0.8255
}