{
  "NDCG@1": 0.18447,
  "NDCG@5": 0.23362,
  "NDCG@10": 0.26264,
  "NDCG@25": 0.29746,
  "NDCG@50": 0.32072,
  "NDCG@100": 0.34709,
  "MAP@1": 0.06977,
  "MAP@5": 0.13187,
  "MAP@10": 0.1594,
  "MAP@25": 0.18877,
  "MAP@50": 0.20392,
  "MAP@100": 0.21212,
  "Recall@1": 0.06977,
  "Recall@5": 0.21127,
  "Recall@10": 0.30946,
  "Recall@25": 0.44632,
  "Recall@50": 0.5485,
  "Recall@100": 0.65121,
  "P@1": 0.18447,
  "P@5": 0.15728,
  "P@10": 0.13398,
  "P@25": 0.09786,
  "P@50": 0.06913,
  "P@100": 0.04456,
  "MRR": 0.28908
}