{
  "NDCG@1": 0.13514,
  "NDCG@5": 0.12373,
  "NDCG@10": 0.13568,
  "NDCG@25": 0.16121,
  "NDCG@50": 0.18849,
  "NDCG@100": 0.22131,
  "MAP@1": 0.03459,
  "MAP@5": 0.07565,
  "MAP@10": 0.08867,
  "MAP@25": 0.09665,
  "MAP@50": 0.10194,
  "MAP@100": 0.10713,
  "Recall@1": 0.03459,
  "Recall@5": 0.11267,
  "Recall@10": 0.15385,
  "Recall@25": 0.22126,
  "Recall@50": 0.30968,
  "Recall@100": 0.42664,
  "P@1": 0.13514,
  "P@5": 0.09009,
  "P@10": 0.06577,
  "P@25": 0.03856,
  "P@50": 0.02757,
  "P@100": 0.02027,
  "MRR": 0.21621
}