{
  "NDCG@1": 0.24752,
  "NDCG@5": 0.30772,
  "NDCG@10": 0.34389,
  "NDCG@25": 0.38783,
  "NDCG@50": 0.41388,
  "NDCG@100": 0.43998,
  "MAP@1": 0.11227,
  "MAP@5": 0.20168,
  "MAP@10": 0.24374,
  "MAP@25": 0.27832,
  "MAP@50": 0.28844,
  "MAP@100": 0.29375,
  "Recall@1": 0.11227,
  "Recall@5": 0.3019,
  "Recall@10": 0.4144,
  "Recall@25": 0.59178,
  "Recall@50": 0.68939,
  "Recall@100": 0.78359,
  "P@1": 0.24752,
  "P@5": 0.18614,
  "P@10": 0.15743,
  "P@25": 0.09822,
  "P@50": 0.06178,
  "P@100": 0.03822,
  "MRR": 0.37371
}