{
  "NDCG@1": 0.63393,
  "NDCG@5": 0.60769,
  "NDCG@10": 0.5449,
  "NDCG@25": 0.43422,
  "NDCG@50": 0.47274,
  "NDCG@100": 0.51512,
  "MAP@1": 0.03355,
  "MAP@5": 0.13196,
  "MAP@10": 0.19885,
  "MAP@25": 0.25479,
  "MAP@50": 0.27383,
  "MAP@100": 0.28693,
  "Recall@1": 0.03355,
  "Recall@5": 0.15488,
  "Recall@10": 0.25549,
  "Recall@25": 0.37139,
  "Recall@50": 0.44406,
  "Recall@100": 0.54184,
  "P@1": 0.63393,
  "P@5": 0.59107,
  "P@10": 0.50268,
  "P@25": 0.29893,
  "P@50": 0.17964,
  "P@100": 0.10777,
  "MRR": 0.74889
}