{
  "NDCG@1": 0.37324,
  "NDCG@5": 0.357,
  "NDCG@10": 0.38314,
  "NDCG@25": 0.42275,
  "NDCG@50": 0.43941,
  "NDCG@100": 0.45924,
  "MAP@1": 0.20716,
  "MAP@5": 0.30044,
  "MAP@10": 0.31516,
  "MAP@25": 0.32691,
  "MAP@50": 0.33027,
  "MAP@100": 0.33256,
  "Recall@1": 0.20716,
  "Recall@5": 0.38521,
  "Recall@10": 0.452,
  "Recall@25": 0.60305,
  "Recall@50": 0.677,
  "Recall@100": 0.78333,
  "P@1": 0.37324,
  "P@5": 0.1493,
  "P@10": 0.08873,
  "P@25": 0.04451,
  "P@50": 0.02493,
  "P@100": 0.01437,
  "MRR": 0.46325
}