{
  "NDCG@1": 0.02679,
  "NDCG@5": 0.02189,
  "NDCG@10": 0.01886,
  "NDCG@25": 0.02321,
  "NDCG@50": 0.03081,
  "NDCG@100": 0.04604,
  "MAP@1": 0.00244,
  "MAP@5": 0.00597,
  "MAP@10": 0.00726,
  "MAP@25": 0.00821,
  "MAP@50": 0.00923,
  "MAP@100": 0.01046,
  "Recall@1": 0.00244,
  "Recall@5": 0.00892,
  "Recall@10": 0.01449,
  "Recall@25": 0.02511,
  "Recall@50": 0.03965,
  "Recall@100": 0.07414,
  "P@1": 0.02679,
  "P@5": 0.01964,
  "P@10": 0.01429,
  "P@25": 0.01321,
  "P@50": 0.01214,
  "P@100": 0.01268,
  "MRR": 0.05898
}