{
  "NDCG@1": 0.21782,
  "NDCG@5": 0.37434,
  "NDCG@10": 0.42866,
  "NDCG@25": 0.4614,
  "NDCG@50": 0.46639,
  "NDCG@100": 0.47896,
  "MAP@1": 0.20792,
  "MAP@5": 0.32525,
  "MAP@10": 0.3476,
  "MAP@25": 0.35664,
  "MAP@50": 0.3575,
  "MAP@100": 0.35868,
  "Recall@1": 0.20792,
  "Recall@5": 0.51485,
  "Recall@10": 0.68317,
  "Recall@25": 0.81188,
  "Recall@50": 0.83663,
  "Recall@100": 0.91089,
  "P@1": 0.21782,
  "P@5": 0.10693,
  "P@10": 0.0703,
  "P@25": 0.03366,
  "P@50": 0.01743,
  "P@100": 0.0095,
  "MRR": 0.36583
}