{
  "NDCG@1": 0.66667,
  "NDCG@5": 0.6084,
  "NDCG@10": 0.61911,
  "NDCG@25": 0.64255,
  "NDCG@50": 0.66402,
  "NDCG@100": 0.67274,
  "MAP@1": 0.26644,
  "MAP@5": 0.45471,
  "MAP@10": 0.50426,
  "MAP@25": 0.53562,
  "MAP@50": 0.5468,
  "MAP@100": 0.55029,
  "Recall@1": 0.26644,
  "Recall@5": 0.53098,
  "Recall@10": 0.64673,
  "Recall@25": 0.72739,
  "Recall@50": 0.79192,
  "Recall@100": 0.81751,
  "P@1": 0.66667,
  "P@5": 0.35556,
  "P@10": 0.2463,
  "P@25": 0.13074,
  "P@50": 0.07759,
  "P@100": 0.04231,
  "MRR": 0.74336
}