{
  "NDCG@1": 0.57426,
  "NDCG@5": 0.68382,
  "NDCG@10": 0.70396,
  "NDCG@25": 0.71351,
  "NDCG@50": 0.72318,
  "NDCG@100": 0.72649,
  "MAP@1": 0.55941,
  "MAP@5": 0.6505,
  "MAP@10": 0.65863,
  "MAP@25": 0.66104,
  "MAP@50": 0.66252,
  "MAP@100": 0.66284,
  "Recall@1": 0.55941,
  "Recall@5": 0.77228,
  "Recall@10": 0.83663,
  "Recall@25": 0.87624,
  "Recall@50": 0.92574,
  "Recall@100": 0.94554,
  "P@1": 0.57426,
  "P@5": 0.1604,
  "P@10": 0.08713,
  "P@25": 0.03644,
  "P@50": 0.01921,
  "P@100": 0.0098,
  "MRR": 0.67187
}