{
  "NDCG@1": 0.79208,
  "NDCG@5": 0.85392,
  "NDCG@10": 0.85861,
  "NDCG@25": 0.86521,
  "NDCG@50": 0.87137,
  "NDCG@100": 0.87302,
  "MAP@1": 0.7429,
  "MAP@5": 0.82393,
  "MAP@10": 0.82608,
  "MAP@25": 0.8291,
  "MAP@50": 0.83045,
  "MAP@100": 0.83061,
  "Recall@1": 0.7429,
  "Recall@5": 0.91716,
  "Recall@10": 0.93036,
  "Recall@25": 0.95215,
  "Recall@50": 0.9802,
  "Recall@100": 0.9901,
  "P@1": 0.79208,
  "P@5": 0.20396,
  "P@10": 0.10396,
  "P@25": 0.04317,
  "P@50": 0.02238,
  "P@100": 0.01129,
  "MRR": 0.85369
}