{
  "NDCG@1": 0.61842,
  "NDCG@5": 0.64888,
  "NDCG@10": 0.67865,
  "NDCG@25": 0.69807,
  "NDCG@50": 0.70255,
  "NDCG@100": 0.71217,
  "MAP@1": 0.36482,
  "MAP@5": 0.58953,
  "MAP@10": 0.60973,
  "MAP@25": 0.6157,
  "MAP@50": 0.61677,
  "MAP@100": 0.61814,
  "Recall@1": 0.36482,
  "Recall@5": 0.70269,
  "Recall@10": 0.77741,
  "Recall@25": 0.84868,
  "Recall@50": 0.86513,
  "Recall@100": 0.91447,
  "P@1": 0.61842,
  "P@5": 0.26316,
  "P@10": 0.15,
  "P@25": 0.06474,
  "P@50": 0.03342,
  "P@100": 0.01763,
  "MRR": 0.71049
}