{
  "NDCG@1": 0.5812,
  "NDCG@5": 0.62375,
  "NDCG@10": 0.64287,
  "NDCG@25": 0.67133,
  "NDCG@50": 0.6878,
  "NDCG@100": 0.70064,
  "MAP@1": 0.28549,
  "MAP@5": 0.50968,
  "MAP@10": 0.54407,
  "MAP@25": 0.5699,
  "MAP@50": 0.57771,
  "MAP@100": 0.58144,
  "Recall@1": 0.28549,
  "Recall@5": 0.62987,
  "Recall@10": 0.7117,
  "Recall@25": 0.80796,
  "Recall@50": 0.86828,
  "Recall@100": 0.91439,
  "P@1": 0.5812,
  "P@5": 0.33846,
  "P@10": 0.21368,
  "P@25": 0.11179,
  "P@50": 0.0641,
  "P@100": 0.03573,
  "MRR": 0.6981
}