{
  "NDCG@1": 0.43519,
  "NDCG@5": 0.58211,
  "NDCG@10": 0.62698,
  "NDCG@25": 0.65286,
  "NDCG@50": 0.6597,
  "NDCG@100": 0.66211,
  "MAP@1": 0.40972,
  "MAP@5": 0.5287,
  "MAP@10": 0.54922,
  "MAP@25": 0.55713,
  "MAP@50": 0.55836,
  "MAP@100": 0.5586,
  "Recall@1": 0.40972,
  "Recall@5": 0.70818,
  "Recall@10": 0.84198,
  "Recall@25": 0.94105,
  "Recall@50": 0.97377,
  "Recall@100": 0.98765,
  "P@1": 0.43519,
  "P@5": 0.16296,
  "P@10": 0.09815,
  "P@25": 0.04444,
  "P@50": 0.02315,
  "P@100": 0.01176,
  "MRR": 0.57969
}