{
  "NDCG@1": 0.61386,
  "NDCG@5": 0.57486,
  "NDCG@10": 0.5766,
  "NDCG@25": 0.59328,
  "NDCG@50": 0.60956,
  "NDCG@100": 0.62087,
  "MAP@1": 0.26009,
  "MAP@5": 0.43026,
  "MAP@10": 0.46509,
  "MAP@25": 0.49229,
  "MAP@50": 0.49984,
  "MAP@100": 0.50278,
  "Recall@1": 0.26009,
  "Recall@5": 0.50984,
  "Recall@10": 0.57674,
  "Recall@25": 0.68528,
  "Recall@50": 0.7367,
  "Recall@100": 0.77754,
  "P@1": 0.61386,
  "P@5": 0.32475,
  "P@10": 0.22079,
  "P@25": 0.11842,
  "P@50": 0.06733,
  "P@100": 0.03653,
  "MRR": 0.68124
}