{
  "NDCG@1": 0.2037,
  "NDCG@5": 0.22177,
  "NDCG@10": 0.26271,
  "NDCG@25": 0.30648,
  "NDCG@50": 0.34193,
  "NDCG@100": 0.36258,
  "MAP@1": 0.07808,
  "MAP@5": 0.15541,
  "MAP@10": 0.1858,
  "MAP@25": 0.20694,
  "MAP@50": 0.21879,
  "MAP@100": 0.22295,
  "Recall@1": 0.07808,
  "Recall@5": 0.23187,
  "Recall@10": 0.34986,
  "Recall@25": 0.4563,
  "Recall@50": 0.5793,
  "Recall@100": 0.65049,
  "P@1": 0.2037,
  "P@5": 0.13519,
  "P@10": 0.11389,
  "P@25": 0.07519,
  "P@50": 0.04963,
  "P@100": 0.03037,
  "MRR": 0.31182
}