{
  "NDCG@1": 0.44554,
  "NDCG@5": 0.63842,
  "NDCG@10": 0.67061,
  "NDCG@25": 0.68879,
  "NDCG@50": 0.69054,
  "NDCG@100": 0.69125,
  "MAP@1": 0.43069,
  "MAP@5": 0.57137,
  "MAP@10": 0.58867,
  "MAP@25": 0.59429,
  "MAP@50": 0.59449,
  "MAP@100": 0.5946,
  "Recall@1": 0.43069,
  "Recall@5": 0.82079,
  "Recall@10": 0.90726,
  "Recall@25": 0.9769,
  "Recall@50": 0.9868,
  "Recall@100": 0.9901,
  "P@1": 0.44554,
  "P@5": 0.17822,
  "P@10": 0.10198,
  "P@25": 0.04436,
  "P@50": 0.02238,
  "P@100": 0.01129,
  "MRR": 0.60212
}