{
  "NDCG@1": 0.30769,
  "NDCG@5": 0.50942,
  "NDCG@10": 0.54787,
  "NDCG@25": 0.56749,
  "NDCG@50": 0.5754,
  "NDCG@100": 0.5754,
  "MAP@1": 0.27778,
  "MAP@5": 0.43405,
  "MAP@10": 0.45094,
  "MAP@25": 0.45626,
  "MAP@50": 0.45763,
  "MAP@100": 0.45763,
  "Recall@1": 0.27778,
  "Recall@5": 0.73077,
  "Recall@10": 0.84615,
  "Recall@25": 0.92308,
  "Recall@50": 0.96154,
  "Recall@100": 0.96154,
  "P@1": 0.30769,
  "P@5": 0.16239,
  "P@10": 0.09316,
  "P@25": 0.04068,
  "P@50": 0.0212,
  "P@100": 0.0106,
  "MRR": 0.46448
}