{
  "NDCG@1": 0.7037,
  "NDCG@5": 0.80404,
  "NDCG@10": 0.82007,
  "NDCG@25": 0.8246,
  "NDCG@50": 0.83019,
  "NDCG@100": 0.83396,
  "MAP@1": 0.64769,
  "MAP@5": 0.76636,
  "MAP@10": 0.77439,
  "MAP@25": 0.77658,
  "MAP@50": 0.77751,
  "MAP@100": 0.77788,
  "Recall@1": 0.64769,
  "Recall@5": 0.88827,
  "Recall@10": 0.93457,
  "Recall@25": 0.94753,
  "Recall@50": 0.97531,
  "Recall@100": 0.99691,
  "P@1": 0.7037,
  "P@5": 0.20556,
  "P@10": 0.10833,
  "P@25": 0.04481,
  "P@50": 0.02315,
  "P@100": 0.01185,
  "MRR": 0.79898
}