{
  "NDCG@1": 0.79208,
  "NDCG@5": 0.7246,
  "NDCG@10": 0.73344,
  "NDCG@25": 0.74614,
  "NDCG@50": 0.76588,
  "NDCG@100": 0.77362,
  "MAP@1": 0.39865,
  "MAP@5": 0.56584,
  "MAP@10": 0.61523,
  "MAP@25": 0.65768,
  "MAP@50": 0.67259,
  "MAP@100": 0.67501,
  "Recall@1": 0.39865,
  "Recall@5": 0.61767,
  "Recall@10": 0.70296,
  "Recall@25": 0.79645,
  "Recall@50": 0.86708,
  "Recall@100": 0.89209,
  "P@1": 0.79208,
  "P@5": 0.37624,
  "P@10": 0.26733,
  "P@25": 0.15129,
  "P@50": 0.0899,
  "P@100": 0.04772,
  "MRR": 0.83015
}