{
  "NDCG@1": 0.54369,
  "NDCG@5": 0.67721,
  "NDCG@10": 0.71311,
  "NDCG@25": 0.72289,
  "NDCG@50": 0.72702,
  "NDCG@100": 0.73042,
  "MAP@1": 0.44094,
  "MAP@5": 0.61025,
  "MAP@10": 0.62957,
  "MAP@25": 0.6337,
  "MAP@50": 0.63446,
  "MAP@100": 0.63483,
  "Recall@1": 0.44094,
  "Recall@5": 0.82929,
  "Recall@10": 0.9288,
  "Recall@25": 0.96117,
  "Recall@50": 0.98058,
  "Recall@100": 1.0,
  "P@1": 0.54369,
  "P@5": 0.21165,
  "P@10": 0.11942,
  "P@25": 0.04971,
  "P@50": 0.02544,
  "P@100": 0.01301,
  "MRR": 0.67214
}